{"stats":{"minecraft:custom":{"minecraft:time_since_rest":89274,"minecraft:damage_absorbed":1223,"minecraft:sprint_one_cm":56671,"minecraft:walk_one_cm":232379,"minecraft:damage_taken":4162,"minecraft:mob_kills":84,"minecraft:drop":12,"minecraft:damage_dealt":13965,"minecraft:fly_one_cm":126823,"minecraft:crouch_one_cm":1730,"minecraft:play_time":333479,"minecraft:deaths":4,"minecraft:sneak_time":824,"minecraft:jump":1658,"minecraft:leave_game":1,"minecraft:time_since_death":89254,"minecraft:total_world_time":333479,"minecraft:damage_resisted":762,"minecraft:fall_one_cm":21581},"minecraft:broken":{"minecraft:netherite_helmet":1},"minecraft:picked_up":{"minecraft:netherite_boots":6,"minecraft:potion":1,"minecraft:netherite_leggings":6,"minecraft:arrow":1,"minecraft:rotten_flesh":39,"minecraft:netherite_helmet":3,"minecraft:netherite_sword":3,"minecraft:iron_ore":192,"minecraft:oak_sapling":1,"minecraft:netherite_chestplate":6,"minecraft:glass_bottle":10},"minecraft:killed":{"minecraft:skeleton":1,"minecraft:pillager":8,"minecraft:zombie":66,"minecraft:spider":1,"minecraft:villager":1},"minecraft:killed_by":{"minecraft:zombie":3},"minecraft:dropped":{"minecraft:glass_bottle":6,"minecraft:netherite_helmet":1,"minecraft:netherite_boots":1,"minecraft:netherite_chestplate":2,"minecraft:rotten_flesh":2,"minecraft:bucket":1,"minecraft:netherite_leggings":2},"minecraft:mined":{"minecraft:grass":8,"minecraft:glass":11,"minecraft:oak_leaves":1},"minecraft:used":{"minecraft:glass":98,"minecraft:netherite_sword":198,"minecraft:iron_ore":11,"minecraft:netherite_chestplate":5,"minecraft:zombie_spawn_egg":4,"minecraft:netherite_boots":5,"minecraft:bow":21,"minecraft:potion":7,"minecraft:netherite_leggings":5,"minecraft:netherite_helmet":4,"minecraft:acacia_planks":1,"minecraft:enchanted_golden_apple":31,"minecraft:milk_bucket":2}},"DataVersion":2975}