{"stats":{"minecraft:custom":{"minecraft:time_since_rest":88869,"minecraft:damage_absorbed":180,"minecraft:crouch_one_cm":243,"minecraft:deaths":3,"minecraft:sprint_one_cm":9789,"minecraft:play_time":146670,"minecraft:walk_one_cm":86906,"minecraft:damage_taken":1959,"minecraft:sneak_time":278,"minecraft:mob_kills":32,"minecraft:drop":12,"minecraft:jump":631,"minecraft:damage_dealt":7067,"minecraft:leave_game":1,"minecraft:time_since_death":88849,"minecraft:damage_resisted":148,"minecraft:total_world_time":146670,"minecraft:fall_one_cm":5854,"minecraft:fly_one_cm":48240},"minecraft:picked_up":{"minecraft:netherite_boots":6,"minecraft:rotten_flesh":13,"minecraft:netherite_helmet":3,"minecraft:netherite_sword":3,"minecraft:potion":1,"minecraft:iron_ore":192,"minecraft:netherite_chestplate":6,"minecraft:glass_bottle":10,"minecraft:netherite_leggings":6},"minecraft:killed":{"minecraft:zombie":30},"minecraft:killed_by":{"minecraft:zombie":2},"minecraft:dropped":{"minecraft:rotten_flesh":2,"minecraft:glass_bottle":6,"minecraft:bucket":1,"minecraft:netherite_leggings":2,"minecraft:netherite_boots":1,"minecraft:netherite_chestplate":2,"minecraft:netherite_helmet":1},"minecraft:used":{"minecraft:netherite_boots":4,"minecraft:netherite_sword":91,"minecraft:iron_ore":7,"minecraft:potion":7,"minecraft:netherite_leggings":4,"minecraft:netherite_chestplate":4,"minecraft:netherite_helmet":3,"minecraft:zombie_spawn_egg":4,"minecraft:enchanted_golden_apple":11,"minecraft:milk_bucket":2}},"DataVersion":2975}