{"stats":{"minecraft:custom":{"minecraft:time_since_rest":20,"minecraft:damage_absorbed":952,"minecraft:sprint_one_cm":23908,"minecraft:walk_one_cm":150609,"minecraft:damage_taken":3634,"minecraft:mob_kills":65,"minecraft:drop":12,"minecraft:damage_dealt":11782,"minecraft:fly_one_cm":79155,"minecraft:crouch_one_cm":375,"minecraft:play_time":244225,"minecraft:deaths":4,"minecraft:sneak_time":357,"minecraft:jump":1097,"minecraft:leave_game":1,"minecraft:time_since_death":0,"minecraft:total_world_time":244225,"minecraft:damage_resisted":580,"minecraft:fall_one_cm":16517},"minecraft:broken":{"minecraft:netherite_helmet":1},"minecraft:picked_up":{"minecraft:netherite_boots":6,"minecraft:potion":1,"minecraft:netherite_leggings":6,"minecraft:arrow":1,"minecraft:rotten_flesh":37,"minecraft:netherite_helmet":3,"minecraft:netherite_sword":3,"minecraft:iron_ore":192,"minecraft:netherite_chestplate":6,"minecraft:glass_bottle":10},"minecraft:killed":{"minecraft:skeleton":1,"minecraft:pillager":8,"minecraft:zombie":49,"minecraft:spider":1,"minecraft:villager":1},"minecraft:killed_by":{"minecraft:zombie":3},"minecraft:dropped":{"minecraft:glass_bottle":6,"minecraft:netherite_helmet":1,"minecraft:netherite_boots":1,"minecraft:netherite_chestplate":2,"minecraft:rotten_flesh":2,"minecraft:bucket":1,"minecraft:netherite_leggings":2},"minecraft:mined":{"minecraft:grass":6},"minecraft:used":{"minecraft:netherite_sword":160,"minecraft:iron_ore":11,"minecraft:netherite_chestplate":5,"minecraft:zombie_spawn_egg":4,"minecraft:netherite_boots":5,"minecraft:potion":7,"minecraft:netherite_leggings":5,"minecraft:netherite_helmet":4,"minecraft:enchanted_golden_apple":25,"minecraft:milk_bucket":2}},"DataVersion":2975}