{"stats":{"minecraft:custom":{"minecraft:time_since_rest":251274,"minecraft:damage_absorbed":1320,"minecraft:sprint_one_cm":112111,"minecraft:walk_one_cm":322407,"minecraft:damage_taken":4550,"minecraft:mob_kills":107,"minecraft:drop":13,"minecraft:damage_dealt":16244,"minecraft:fly_one_cm":190163,"minecraft:crouch_one_cm":3216,"minecraft:play_time":495479,"minecraft:deaths":4,"minecraft:sneak_time":1256,"minecraft:jump":2431,"minecraft:leave_game":1,"minecraft:time_since_death":251254,"minecraft:total_world_time":495479,"minecraft:damage_resisted":837,"minecraft:fall_one_cm":32563},"minecraft:broken":{"minecraft:netherite_helmet":1},"minecraft:picked_up":{"minecraft:netherite_boots":6,"minecraft:potion":1,"minecraft:oak_log":2,"minecraft:netherite_leggings":6,"minecraft:arrow":1,"minecraft:rotten_flesh":40,"minecraft:diamond":1,"minecraft:netherite_helmet":3,"minecraft:netherite_sword":4,"minecraft:iron_ore":192,"minecraft:oak_sapling":1,"minecraft:netherite_chestplate":6,"minecraft:glass_bottle":10},"minecraft:killed":{"minecraft:skeleton":1,"minecraft:pillager":8,"minecraft:zombie":88,"minecraft:spider":1,"minecraft:villager":1},"minecraft:killed_by":{"minecraft:zombie":3},"minecraft:dropped":{"minecraft:glass_bottle":6,"minecraft:netherite_sword":1,"minecraft:netherite_helmet":1,"minecraft:netherite_boots":1,"minecraft:netherite_chestplate":2,"minecraft:rotten_flesh":2,"minecraft:bucket":1,"minecraft:netherite_leggings":2},"minecraft:mined":{"minecraft:grass":9,"minecraft:oak_log":2,"minecraft:glass":39,"minecraft:oak_leaves":2},"minecraft:used":{"minecraft:oak_log":2,"minecraft:glass":154,"minecraft:netherite_sword":238,"minecraft:iron_ore":11,"minecraft:netherite_chestplate":5,"minecraft:zombie_spawn_egg":4,"minecraft:netherite_boots":5,"minecraft:bow":55,"minecraft:potion":7,"minecraft:netherite_leggings":5,"minecraft:netherite_helmet":4,"minecraft:acacia_planks":1,"minecraft:enchanted_golden_apple":35,"minecraft:milk_bucket":2}},"DataVersion":2975}