{"stats":{"minecraft:custom":{"minecraft:time_since_rest":1369,"minecraft:crouch_one_cm":95,"minecraft:deaths":1,"minecraft:sprint_one_cm":2902,"minecraft:play_time":47939,"minecraft:walk_one_cm":24934,"minecraft:damage_taken":427,"minecraft:sneak_time":155,"minecraft:mob_kills":6,"minecraft:drop":3,"minecraft:jump":137,"minecraft:damage_dealt":990,"minecraft:time_since_death":1349,"minecraft:total_world_time":47939,"minecraft:fall_one_cm":1097,"minecraft:fly_one_cm":24328},"minecraft:picked_up":{"minecraft:netherite_boots":1,"minecraft:rotten_flesh":6,"minecraft:netherite_helmet":1,"minecraft:netherite_sword":1,"minecraft:potion":1,"minecraft:iron_ore":64,"minecraft:netherite_chestplate":1,"minecraft:glass_bottle":4,"minecraft:netherite_leggings":1},"minecraft:killed":{"minecraft:zombie":6},"minecraft:dropped":{"minecraft:glass_bottle":2,"minecraft:netherite_helmet":1},"minecraft:used":{"minecraft:netherite_boots":2,"minecraft:netherite_sword":14,"minecraft:potion":6,"minecraft:netherite_leggings":2,"minecraft:netherite_chestplate":2,"minecraft:netherite_helmet":2,"minecraft:zombie_spawn_egg":4,"minecraft:milk_bucket":1}},"DataVersion":2975}