{"stats":{"minecraft:custom":{"minecraft:time_since_rest":160869,"minecraft:damage_absorbed":882,"minecraft:sprint_one_cm":23051,"minecraft:walk_one_cm":141203,"minecraft:damage_taken":3322,"minecraft:mob_kills":58,"minecraft:drop":12,"minecraft:damage_dealt":10202,"minecraft:fly_one_cm":77827,"minecraft:crouch_one_cm":375,"minecraft:play_time":218670,"minecraft:deaths":3,"minecraft:sneak_time":357,"minecraft:jump":1021,"minecraft:leave_game":1,"minecraft:time_since_death":160849,"minecraft:total_world_time":218670,"minecraft:damage_resisted":556,"minecraft:fall_one_cm":15261},"minecraft:broken":{"minecraft:netherite_helmet":1},"minecraft:picked_up":{"minecraft:netherite_boots":6,"minecraft:potion":1,"minecraft:netherite_leggings":6,"minecraft:arrow":1,"minecraft:rotten_flesh":37,"minecraft:netherite_helmet":3,"minecraft:netherite_sword":3,"minecraft:iron_ore":192,"minecraft:netherite_chestplate":6,"minecraft:glass_bottle":10},"minecraft:killed":{"minecraft:skeleton":1,"minecraft:pillager":2,"minecraft:zombie":49,"minecraft:villager":1},"minecraft:killed_by":{"minecraft:zombie":2},"minecraft:dropped":{"minecraft:glass_bottle":6,"minecraft:netherite_helmet":1,"minecraft:netherite_boots":1,"minecraft:netherite_chestplate":2,"minecraft:rotten_flesh":2,"minecraft:bucket":1,"minecraft:netherite_leggings":2},"minecraft:mined":{"minecraft:grass":6},"minecraft:used":{"minecraft:netherite_sword":142,"minecraft:iron_ore":11,"minecraft:netherite_chestplate":5,"minecraft:zombie_spawn_egg":4,"minecraft:netherite_boots":5,"minecraft:potion":7,"minecraft:netherite_leggings":5,"minecraft:netherite_helmet":4,"minecraft:enchanted_golden_apple":23,"minecraft:milk_bucket":2}},"DataVersion":2975}