{"stats":{"minecraft:custom":{"minecraft:jump":86,"minecraft:time_since_rest":24000,"minecraft:crouch_one_cm":24,"minecraft:damage_dealt":990,"minecraft:damage_taken":108,"minecraft:play_time":24000,"minecraft:time_since_death":24000,"minecraft:walk_one_cm":12877,"minecraft:sneak_time":29,"minecraft:total_world_time":24000,"minecraft:mob_kills":6,"minecraft:fly_one_cm":481},"minecraft:picked_up":{"minecraft:potion":1,"minecraft:rotten_flesh":6},"minecraft:killed":{"minecraft:zombie":6},"minecraft:used":{"minecraft:netherite_chestplate":1,"minecraft:netherite_boots":1,"minecraft:netherite_helmet":1,"minecraft:netherite_sword":14,"minecraft:zombie_spawn_egg":4,"minecraft:netherite_leggings":1}},"DataVersion":2975}