{"stats":{"minecraft:custom":{"minecraft:time_since_rest":148869,"minecraft:damage_absorbed":858,"minecraft:sprint_one_cm":23010,"minecraft:walk_one_cm":133917,"minecraft:damage_taken":3160,"minecraft:mob_kills":53,"minecraft:drop":12,"minecraft:damage_dealt":9308,"minecraft:fly_one_cm":76849,"minecraft:crouch_one_cm":375,"minecraft:play_time":206670,"minecraft:deaths":3,"minecraft:sneak_time":357,"minecraft:jump":972,"minecraft:leave_game":1,"minecraft:time_since_death":148849,"minecraft:total_world_time":206670,"minecraft:damage_resisted":539,"minecraft:fall_one_cm":15052},"minecraft:broken":{"minecraft:netherite_helmet":1},"minecraft:picked_up":{"minecraft:netherite_boots":6,"minecraft:potion":1,"minecraft:netherite_leggings":6,"minecraft:arrow":1,"minecraft:rotten_flesh":36,"minecraft:netherite_helmet":3,"minecraft:netherite_sword":3,"minecraft:iron_ore":192,"minecraft:netherite_chestplate":6,"minecraft:glass_bottle":10},"minecraft:killed":{"minecraft:skeleton":1,"minecraft:zombie":48},"minecraft:killed_by":{"minecraft:zombie":2},"minecraft:dropped":{"minecraft:glass_bottle":6,"minecraft:netherite_helmet":1,"minecraft:netherite_boots":1,"minecraft:netherite_chestplate":2,"minecraft:rotten_flesh":2,"minecraft:bucket":1,"minecraft:netherite_leggings":2},"minecraft:mined":{"minecraft:grass":6},"minecraft:used":{"minecraft:netherite_sword":131,"minecraft:iron_ore":11,"minecraft:netherite_chestplate":5,"minecraft:zombie_spawn_egg":4,"minecraft:netherite_boots":5,"minecraft:potion":7,"minecraft:netherite_leggings":5,"minecraft:netherite_helmet":4,"minecraft:enchanted_golden_apple":22,"minecraft:milk_bucket":2}},"DataVersion":2975}