{"stats":{"minecraft:custom":{"minecraft:time_since_rest":136869,"minecraft:damage_absorbed":542,"minecraft:sprint_one_cm":20677,"minecraft:walk_one_cm":123852,"minecraft:damage_taken":2509,"minecraft:mob_kills":48,"minecraft:drop":12,"minecraft:damage_dealt":8669,"minecraft:fly_one_cm":58298,"minecraft:crouch_one_cm":348,"minecraft:play_time":194670,"minecraft:deaths":3,"minecraft:sneak_time":323,"minecraft:jump":873,"minecraft:leave_game":1,"minecraft:time_since_death":136849,"minecraft:total_world_time":194670,"minecraft:damage_resisted":333,"minecraft:fall_one_cm":7588},"minecraft:broken":{"minecraft:netherite_helmet":1},"minecraft:picked_up":{"minecraft:netherite_boots":6,"minecraft:potion":1,"minecraft:netherite_leggings":6,"minecraft:rotten_flesh":29,"minecraft:netherite_helmet":3,"minecraft:netherite_sword":3,"minecraft:iron_ore":192,"minecraft:netherite_chestplate":6,"minecraft:glass_bottle":10},"minecraft:killed":{"minecraft:zombie":44},"minecraft:killed_by":{"minecraft:zombie":2},"minecraft:dropped":{"minecraft:glass_bottle":6,"minecraft:netherite_helmet":1,"minecraft:netherite_boots":1,"minecraft:netherite_chestplate":2,"minecraft:rotten_flesh":2,"minecraft:bucket":1,"minecraft:netherite_leggings":2},"minecraft:mined":{"minecraft:grass":5},"minecraft:used":{"minecraft:netherite_sword":121,"minecraft:iron_ore":11,"minecraft:netherite_chestplate":5,"minecraft:zombie_spawn_egg":4,"minecraft:netherite_boots":5,"minecraft:potion":7,"minecraft:netherite_leggings":5,"minecraft:netherite_helmet":4,"minecraft:enchanted_golden_apple":19,"minecraft:milk_bucket":2}},"DataVersion":2975}