{"stats":{"minecraft:custom":{"minecraft:time_since_rest":2090,"minecraft:crouch_one_cm":134,"minecraft:deaths":3,"minecraft:sprint_one_cm":5233,"minecraft:play_time":59891,"minecraft:walk_one_cm":38669,"minecraft:damage_taken":820,"minecraft:sneak_time":238,"minecraft:mob_kills":10,"minecraft:drop":3,"minecraft:jump":219,"minecraft:damage_dealt":3261,"minecraft:time_since_death":2070,"minecraft:total_world_time":59891,"minecraft:fall_one_cm":1515,"minecraft:fly_one_cm":34356},"minecraft:picked_up":{"minecraft:netherite_boots":6,"minecraft:rotten_flesh":8,"minecraft:netherite_helmet":3,"minecraft:netherite_sword":3,"minecraft:potion":1,"minecraft:iron_ore":192,"minecraft:netherite_chestplate":6,"minecraft:glass_bottle":10,"minecraft:netherite_leggings":6},"minecraft:killed":{"minecraft:zombie":10},"minecraft:dropped":{"minecraft:glass_bottle":2,"minecraft:netherite_helmet":1},"minecraft:killed_by":{"minecraft:zombie":2},"minecraft:used":{"minecraft:netherite_boots":4,"minecraft:netherite_sword":41,"minecraft:potion":6,"minecraft:netherite_leggings":4,"minecraft:netherite_chestplate":4,"minecraft:netherite_helmet":3,"minecraft:zombie_spawn_egg":4,"minecraft:milk_bucket":1}},"DataVersion":2975}