{"stats":{"minecraft:custom":{"minecraft:time_since_rest":178869,"minecraft:damage_absorbed":930,"minecraft:sprint_one_cm":23374,"minecraft:walk_one_cm":145496,"minecraft:damage_taken":3363,"minecraft:mob_kills":60,"minecraft:drop":12,"minecraft:damage_dealt":10735,"minecraft:fly_one_cm":77978,"minecraft:crouch_one_cm":375,"minecraft:play_time":236670,"minecraft:deaths":3,"minecraft:sneak_time":357,"minecraft:jump":1051,"minecraft:leave_game":1,"minecraft:time_since_death":178849,"minecraft:total_world_time":236670,"minecraft:damage_resisted":569,"minecraft:fall_one_cm":15470},"minecraft:broken":{"minecraft:netherite_helmet":1},"minecraft:picked_up":{"minecraft:netherite_boots":6,"minecraft:potion":1,"minecraft:netherite_leggings":6,"minecraft:arrow":1,"minecraft:rotten_flesh":37,"minecraft:netherite_helmet":3,"minecraft:netherite_sword":3,"minecraft:iron_ore":192,"minecraft:netherite_chestplate":6,"minecraft:glass_bottle":10},"minecraft:killed":{"minecraft:skeleton":1,"minecraft:pillager":4,"minecraft:zombie":49,"minecraft:villager":1},"minecraft:killed_by":{"minecraft:zombie":2},"minecraft:dropped":{"minecraft:glass_bottle":6,"minecraft:netherite_helmet":1,"minecraft:netherite_boots":1,"minecraft:netherite_chestplate":2,"minecraft:rotten_flesh":2,"minecraft:bucket":1,"minecraft:netherite_leggings":2},"minecraft:mined":{"minecraft:grass":6},"minecraft:used":{"minecraft:netherite_sword":148,"minecraft:iron_ore":11,"minecraft:netherite_chestplate":5,"minecraft:zombie_spawn_egg":4,"minecraft:netherite_boots":5,"minecraft:potion":7,"minecraft:netherite_leggings":5,"minecraft:netherite_helmet":4,"minecraft:enchanted_golden_apple":25,"minecraft:milk_bucket":2}},"DataVersion":2975}