{"stats":{"minecraft:custom":{"minecraft:time_since_rest":321941,"minecraft:damage_absorbed":1320,"minecraft:sprint_one_cm":112111,"minecraft:walk_one_cm":341477,"minecraft:damage_taken":4658,"minecraft:mob_kills":166,"minecraft:drop":14,"minecraft:damage_dealt":26820,"minecraft:fly_one_cm":190290,"minecraft:crouch_one_cm":4404,"minecraft:play_time":566146,"minecraft:deaths":4,"minecraft:sneak_time":2995,"minecraft:jump":2546,"minecraft:leave_game":2,"minecraft:time_since_death":321921,"minecraft:total_world_time":566146,"minecraft:damage_resisted":837,"minecraft:fall_one_cm":32563},"minecraft:broken":{"minecraft:netherite_helmet":1},"minecraft:picked_up":{"minecraft:netherite_boots":6,"minecraft:potion":1,"minecraft:oak_log":2,"minecraft:netherite_leggings":6,"minecraft:dirt":3,"minecraft:arrow":1,"minecraft:rotten_flesh":73,"minecraft:diamond":1,"minecraft:netherite_helmet":3,"minecraft:netherite_sword":4,"minecraft:iron_ore":192,"minecraft:baked_potato":1,"minecraft:oak_sapling":1,"minecraft:netherite_chestplate":6,"minecraft:glass_bottle":10},"minecraft:killed":{"minecraft:skeleton":1,"minecraft:pillager":8,"minecraft:zombie":147,"minecraft:spider":1,"minecraft:villager":1},"minecraft:killed_by":{"minecraft:zombie":3},"minecraft:dropped":{"minecraft:netherite_scrap":1,"minecraft:glass_bottle":6,"minecraft:netherite_sword":1,"minecraft:netherite_chestplate":2,"minecraft:netherite_boots":1,"minecraft:netherite_helmet":1,"minecraft:rotten_flesh":2,"minecraft:bucket":1,"minecraft:netherite_leggings":2},"minecraft:mined":{"minecraft:grass":9,"minecraft:grass_block":2,"minecraft:oak_log":2,"minecraft:dirt":1,"minecraft:glass":39,"minecraft:oak_leaves":2},"minecraft:used":{"minecraft:oak_log":3,"minecraft:glass":154,"minecraft:netherite_sword":415,"minecraft:iron_ore":11,"minecraft:netherite_chestplate":5,"minecraft:zombie_spawn_egg":58,"minecraft:netherite_boots":5,"minecraft:dirt":3,"minecraft:potion":7,"minecraft:bow":55,"minecraft:netherite_leggings":5,"minecraft:netherite_helmet":4,"minecraft:acacia_planks":1,"minecraft:enchanted_golden_apple":35,"minecraft:milk_bucket":2}},"DataVersion":2975}