{"stats":{"minecraft:custom":{"minecraft:time_since_rest":56090,"minecraft:damage_absorbed":164,"minecraft:crouch_one_cm":209,"minecraft:deaths":3,"minecraft:sprint_one_cm":9661,"minecraft:play_time":113891,"minecraft:walk_one_cm":74952,"minecraft:damage_taken":1619,"minecraft:sneak_time":269,"minecraft:mob_kills":23,"minecraft:drop":12,"minecraft:jump":508,"minecraft:damage_dealt":5691,"minecraft:time_since_death":56070,"minecraft:damage_resisted":116,"minecraft:total_world_time":113891,"minecraft:fall_one_cm":5434,"minecraft:fly_one_cm":47268},"minecraft:picked_up":{"minecraft:netherite_boots":6,"minecraft:rotten_flesh":9,"minecraft:netherite_helmet":3,"minecraft:netherite_sword":3,"minecraft:potion":1,"minecraft:iron_ore":192,"minecraft:netherite_chestplate":6,"minecraft:glass_bottle":10,"minecraft:netherite_leggings":6},"minecraft:killed":{"minecraft:zombie":23},"minecraft:killed_by":{"minecraft:zombie":2},"minecraft:dropped":{"minecraft:rotten_flesh":2,"minecraft:glass_bottle":6,"minecraft:bucket":1,"minecraft:netherite_leggings":2,"minecraft:netherite_boots":1,"minecraft:netherite_chestplate":2,"minecraft:netherite_helmet":1},"minecraft:used":{"minecraft:netherite_boots":4,"minecraft:netherite_sword":71,"minecraft:iron_ore":3,"minecraft:potion":7,"minecraft:netherite_leggings":4,"minecraft:netherite_chestplate":4,"minecraft:netherite_helmet":3,"minecraft:zombie_spawn_egg":4,"minecraft:enchanted_golden_apple":8,"minecraft:milk_bucket":2}},"DataVersion":2975}