{"stats":{"minecraft:custom":{"minecraft:time_since_rest":65274,"minecraft:damage_absorbed":1135,"minecraft:sprint_one_cm":35286,"minecraft:walk_one_cm":187050,"minecraft:damage_taken":3872,"minecraft:mob_kills":72,"minecraft:drop":12,"minecraft:damage_dealt":12622,"minecraft:fly_one_cm":89070,"minecraft:crouch_one_cm":659,"minecraft:play_time":309479,"minecraft:deaths":4,"minecraft:sneak_time":398,"minecraft:jump":1294,"minecraft:leave_game":1,"minecraft:time_since_death":65254,"minecraft:total_world_time":309479,"minecraft:damage_resisted":648,"minecraft:fall_one_cm":17355},"minecraft:broken":{"minecraft:netherite_helmet":1},"minecraft:picked_up":{"minecraft:netherite_boots":6,"minecraft:potion":1,"minecraft:netherite_leggings":6,"minecraft:arrow":1,"minecraft:rotten_flesh":39,"minecraft:netherite_helmet":3,"minecraft:netherite_sword":3,"minecraft:iron_ore":192,"minecraft:oak_sapling":1,"minecraft:netherite_chestplate":6,"minecraft:glass_bottle":10},"minecraft:killed":{"minecraft:skeleton":1,"minecraft:pillager":8,"minecraft:zombie":56,"minecraft:spider":1,"minecraft:villager":1},"minecraft:killed_by":{"minecraft:zombie":3},"minecraft:dropped":{"minecraft:glass_bottle":6,"minecraft:netherite_helmet":1,"minecraft:netherite_boots":1,"minecraft:netherite_chestplate":2,"minecraft:rotten_flesh":2,"minecraft:bucket":1,"minecraft:netherite_leggings":2},"minecraft:mined":{"minecraft:grass":8,"minecraft:glass":6,"minecraft:oak_leaves":1},"minecraft:used":{"minecraft:glass":36,"minecraft:netherite_sword":176,"minecraft:iron_ore":11,"minecraft:netherite_chestplate":5,"minecraft:zombie_spawn_egg":4,"minecraft:netherite_boots":5,"minecraft:potion":7,"minecraft:netherite_leggings":5,"minecraft:netherite_helmet":4,"minecraft:acacia_planks":1,"minecraft:enchanted_golden_apple":27,"minecraft:milk_bucket":2}},"DataVersion":2975}