{"stats":{"minecraft:custom":{"minecraft:time_since_rest":68090,"minecraft:damage_absorbed":164,"minecraft:crouch_one_cm":224,"minecraft:deaths":3,"minecraft:sprint_one_cm":9661,"minecraft:play_time":125891,"minecraft:walk_one_cm":80408,"minecraft:damage_taken":1821,"minecraft:sneak_time":272,"minecraft:mob_kills":28,"minecraft:drop":12,"minecraft:jump":575,"minecraft:damage_dealt":6536,"minecraft:time_since_death":68070,"minecraft:damage_resisted":144,"minecraft:total_world_time":125891,"minecraft:fall_one_cm":5645,"minecraft:fly_one_cm":47499},"minecraft:picked_up":{"minecraft:netherite_boots":6,"minecraft:rotten_flesh":9,"minecraft:netherite_helmet":3,"minecraft:netherite_sword":3,"minecraft:potion":1,"minecraft:iron_ore":192,"minecraft:netherite_chestplate":6,"minecraft:glass_bottle":10,"minecraft:netherite_leggings":6},"minecraft:killed":{"minecraft:zombie":26},"minecraft:killed_by":{"minecraft:zombie":2},"minecraft:dropped":{"minecraft:rotten_flesh":2,"minecraft:glass_bottle":6,"minecraft:bucket":1,"minecraft:netherite_leggings":2,"minecraft:netherite_boots":1,"minecraft:netherite_chestplate":2,"minecraft:netherite_helmet":1},"minecraft:used":{"minecraft:netherite_boots":4,"minecraft:netherite_sword":83,"minecraft:iron_ore":3,"minecraft:potion":7,"minecraft:netherite_leggings":4,"minecraft:netherite_chestplate":4,"minecraft:netherite_helmet":3,"minecraft:zombie_spawn_egg":4,"minecraft:enchanted_golden_apple":10,"minecraft:milk_bucket":2}},"DataVersion":2975}