{"stats":{"minecraft:custom":{"minecraft:time_since_rest":26090,"minecraft:damage_absorbed":56,"minecraft:crouch_one_cm":137,"minecraft:deaths":3,"minecraft:sprint_one_cm":5671,"minecraft:play_time":83891,"minecraft:walk_one_cm":51499,"minecraft:damage_taken":1247,"minecraft:sneak_time":240,"minecraft:mob_kills":12,"minecraft:drop":10,"minecraft:jump":300,"minecraft:damage_dealt":3660,"minecraft:time_since_death":26070,"minecraft:damage_resisted":56,"minecraft:total_world_time":83891,"minecraft:fall_one_cm":3495,"minecraft:fly_one_cm":36417},"minecraft:picked_up":{"minecraft:netherite_boots":6,"minecraft:rotten_flesh":8,"minecraft:netherite_helmet":3,"minecraft:netherite_sword":3,"minecraft:potion":1,"minecraft:iron_ore":192,"minecraft:netherite_chestplate":6,"minecraft:glass_bottle":10,"minecraft:netherite_leggings":6},"minecraft:killed":{"minecraft:zombie":12},"minecraft:killed_by":{"minecraft:zombie":2},"minecraft:dropped":{"minecraft:rotten_flesh":2,"minecraft:glass_bottle":6,"minecraft:netherite_leggings":2,"minecraft:netherite_boots":1,"minecraft:netherite_chestplate":1,"minecraft:netherite_helmet":1},"minecraft:used":{"minecraft:netherite_boots":4,"minecraft:netherite_sword":46,"minecraft:potion":7,"minecraft:netherite_leggings":4,"minecraft:netherite_chestplate":4,"minecraft:netherite_helmet":3,"minecraft:zombie_spawn_egg":4,"minecraft:enchanted_golden_apple":4,"minecraft:milk_bucket":1}},"DataVersion":2975}