{"stats":{"minecraft:custom":{"minecraft:time_since_rest":100869,"minecraft:crouch_one_cm":348,"minecraft:damage_taken":2079,"minecraft:play_time":158670,"minecraft:sprint_one_cm":11130,"minecraft:walk_one_cm":94572,"minecraft:damage_absorbed":214,"minecraft:deaths":3,"minecraft:sneak_time":318,"minecraft:mob_kills":36,"minecraft:drop":12,"minecraft:jump":681,"minecraft:damage_dealt":7337,"minecraft:leave_game":1,"minecraft:time_since_death":100849,"minecraft:total_world_time":158670,"minecraft:damage_resisted":175,"minecraft:fall_one_cm":6332,"minecraft:fly_one_cm":49119},"minecraft:picked_up":{"minecraft:netherite_boots":6,"minecraft:rotten_flesh":15,"minecraft:netherite_helmet":3,"minecraft:netherite_sword":3,"minecraft:potion":1,"minecraft:iron_ore":192,"minecraft:glass_bottle":10,"minecraft:netherite_chestplate":6,"minecraft:netherite_leggings":6},"minecraft:killed":{"minecraft:zombie":34},"minecraft:killed_by":{"minecraft:zombie":2},"minecraft:dropped":{"minecraft:rotten_flesh":2,"minecraft:glass_bottle":6,"minecraft:bucket":1,"minecraft:netherite_chestplate":2,"minecraft:netherite_boots":1,"minecraft:netherite_leggings":2,"minecraft:netherite_helmet":1},"minecraft:mined":{"minecraft:grass":2},"minecraft:used":{"minecraft:netherite_boots":4,"minecraft:netherite_sword":98,"minecraft:iron_ore":11,"minecraft:potion":7,"minecraft:netherite_leggings":4,"minecraft:netherite_chestplate":4,"minecraft:netherite_helmet":3,"minecraft:zombie_spawn_egg":4,"minecraft:enchanted_golden_apple":13,"minecraft:milk_bucket":2}},"DataVersion":2975}