{"stats":{"minecraft:custom":{"minecraft:time_since_rest":112869,"minecraft:damage_absorbed":434,"minecraft:sprint_one_cm":14289,"minecraft:walk_one_cm":105580,"minecraft:damage_taken":2301,"minecraft:mob_kills":44,"minecraft:drop":12,"minecraft:damage_dealt":8378,"minecraft:fly_one_cm":53008,"minecraft:crouch_one_cm":348,"minecraft:play_time":170670,"minecraft:deaths":3,"minecraft:sneak_time":322,"minecraft:jump":773,"minecraft:leave_game":1,"minecraft:time_since_death":112849,"minecraft:total_world_time":170670,"minecraft:damage_resisted":299,"minecraft:fall_one_cm":6752},"minecraft:broken":{"minecraft:netherite_helmet":1},"minecraft:picked_up":{"minecraft:netherite_boots":6,"minecraft:potion":1,"minecraft:netherite_leggings":6,"minecraft:rotten_flesh":24,"minecraft:netherite_helmet":3,"minecraft:netherite_sword":3,"minecraft:iron_ore":192,"minecraft:netherite_chestplate":6,"minecraft:glass_bottle":10},"minecraft:killed":{"minecraft:zombie":42},"minecraft:killed_by":{"minecraft:zombie":2},"minecraft:dropped":{"minecraft:glass_bottle":6,"minecraft:netherite_helmet":1,"minecraft:netherite_boots":1,"minecraft:netherite_chestplate":2,"minecraft:rotten_flesh":2,"minecraft:bucket":1,"minecraft:netherite_leggings":2},"minecraft:mined":{"minecraft:grass":3},"minecraft:used":{"minecraft:netherite_sword":115,"minecraft:iron_ore":11,"minecraft:netherite_chestplate":4,"minecraft:zombie_spawn_egg":4,"minecraft:netherite_boots":4,"minecraft:potion":7,"minecraft:netherite_leggings":4,"minecraft:netherite_helmet":3,"minecraft:enchanted_golden_apple":16,"minecraft:milk_bucket":2}},"DataVersion":2975}