{"stats":{"minecraft:custom":{"minecraft:time_since_rest":36000,"minecraft:crouch_one_cm":27,"minecraft:play_time":36000,"minecraft:walk_one_cm":17445,"minecraft:damage_taken":108,"minecraft:sneak_time":30,"minecraft:mob_kills":6,"minecraft:drop":2,"minecraft:jump":98,"minecraft:damage_dealt":990,"minecraft:time_since_death":36000,"minecraft:total_world_time":36000,"minecraft:fall_one_cm":209,"minecraft:fly_one_cm":481},"minecraft:picked_up":{"minecraft:rotten_flesh":6,"minecraft:potion":1,"minecraft:glass_bottle":1},"minecraft:killed":{"minecraft:zombie":6},"minecraft:dropped":{"minecraft:glass_bottle":2},"minecraft:used":{"minecraft:netherite_boots":1,"minecraft:netherite_sword":14,"minecraft:potion":4,"minecraft:netherite_leggings":1,"minecraft:netherite_chestplate":1,"minecraft:netherite_helmet":1,"minecraft:zombie_spawn_egg":4}},"DataVersion":2975}