{"stats":{"minecraft:custom":{"minecraft:time_since_rest":14090,"minecraft:damage_absorbed":56,"minecraft:crouch_one_cm":134,"minecraft:deaths":3,"minecraft:sprint_one_cm":5447,"minecraft:play_time":71891,"minecraft:walk_one_cm":48857,"minecraft:damage_taken":948,"minecraft:sneak_time":238,"minecraft:mob_kills":12,"minecraft:drop":3,"minecraft:jump":276,"minecraft:damage_dealt":3660,"minecraft:time_since_death":14070,"minecraft:damage_resisted":26,"minecraft:total_world_time":71891,"minecraft:fall_one_cm":2337,"minecraft:fly_one_cm":35388},"minecraft:picked_up":{"minecraft:netherite_boots":6,"minecraft:rotten_flesh":8,"minecraft:netherite_helmet":3,"minecraft:netherite_sword":3,"minecraft:potion":1,"minecraft:iron_ore":192,"minecraft:netherite_chestplate":6,"minecraft:glass_bottle":10,"minecraft:netherite_leggings":6},"minecraft:killed":{"minecraft:zombie":12},"minecraft:dropped":{"minecraft:glass_bottle":2,"minecraft:netherite_helmet":1},"minecraft:killed_by":{"minecraft:zombie":2},"minecraft:used":{"minecraft:netherite_boots":4,"minecraft:netherite_sword":46,"minecraft:potion":6,"minecraft:netherite_leggings":4,"minecraft:netherite_chestplate":4,"minecraft:netherite_helmet":3,"minecraft:zombie_spawn_egg":4,"minecraft:enchanted_golden_apple":2,"minecraft:milk_bucket":1}},"DataVersion":2975}