{"stats":{"minecraft:custom":{"minecraft:time_since_rest":44090,"minecraft:damage_absorbed":136,"minecraft:crouch_one_cm":139,"minecraft:deaths":3,"minecraft:sprint_one_cm":9575,"minecraft:play_time":101891,"minecraft:walk_one_cm":68839,"minecraft:damage_taken":1505,"minecraft:sneak_time":241,"minecraft:mob_kills":18,"minecraft:drop":12,"minecraft:jump":440,"minecraft:damage_dealt":4781,"minecraft:time_since_death":44070,"minecraft:damage_resisted":103,"minecraft:total_world_time":101891,"minecraft:fall_one_cm":5225,"minecraft:fly_one_cm":46734},"minecraft:picked_up":{"minecraft:netherite_boots":6,"minecraft:rotten_flesh":8,"minecraft:netherite_helmet":3,"minecraft:netherite_sword":3,"minecraft:potion":1,"minecraft:iron_ore":192,"minecraft:netherite_chestplate":6,"minecraft:glass_bottle":10,"minecraft:netherite_leggings":6},"minecraft:killed":{"minecraft:zombie":18},"minecraft:killed_by":{"minecraft:zombie":2},"minecraft:dropped":{"minecraft:rotten_flesh":2,"minecraft:glass_bottle":6,"minecraft:bucket":1,"minecraft:netherite_leggings":2,"minecraft:netherite_boots":1,"minecraft:netherite_chestplate":2,"minecraft:netherite_helmet":1},"minecraft:used":{"minecraft:netherite_boots":4,"minecraft:netherite_sword":59,"minecraft:iron_ore":1,"minecraft:potion":7,"minecraft:netherite_leggings":4,"minecraft:netherite_chestplate":4,"minecraft:netherite_helmet":3,"minecraft:zombie_spawn_egg":4,"minecraft:enchanted_golden_apple":7,"minecraft:milk_bucket":2}},"DataVersion":2975}